"","sub_num","trialTypeValid0Invalid1","trialTypeExtraTarget1NoExtraTarget0","meanRT","Validity","additionalTargetDistractor"
"1","1",0,0,1060.14285714286,"Valid","No distractor present"
"2","1",0,1,1154.34328358209,"Valid","Distractor present"
"3","1",1,0,1123.88888888889,"Invalid","No distractor present"
"4","1",1,1,1197.4,"Invalid","Distractor present"
"5","2",0,0,1113.3488372093,"Valid","No distractor present"
"6","2",0,1,1190.47328244275,"Valid","Distractor present"
"7","2",1,0,1148.33333333333,"Invalid","No distractor present"
"8","2",1,1,1213.90909090909,"Invalid","Distractor present"
"9","3",0,0,1166.86153846154,"Valid","No distractor present"
"10","3",0,1,1098.85,"Valid","Distractor present"
"11","3",1,0,1114.31818181818,"Invalid","No distractor present"
"12","3",1,1,1311.84210526316,"Invalid","Distractor present"
"13","4",0,0,1109.86956521739,"Valid","No distractor present"
"14","4",0,1,1048.71428571429,"Valid","Distractor present"
"15","4",1,0,1295.42857142857,"Invalid","No distractor present"
"16","4",1,1,1061.75,"Invalid","Distractor present"
"17","5",0,0,1131.93939393939,"Valid","No distractor present"
"18","5",0,1,1143.37209302326,"Valid","Distractor present"
"19","5",1,0,1099.65909090909,"Invalid","No distractor present"
"20","5",1,1,1281.61363636364,"Invalid","Distractor present"
"21","6",0,0,955.916666666667,"Valid","No distractor present"
"22","6",0,1,1016.390625,"Valid","Distractor present"
"23","6",1,0,1025.84444444444,"Invalid","No distractor present"
"24","6",1,1,1081.58139534884,"Invalid","Distractor present"
"25","7",0,0,1107.05691056911,"Valid","No distractor present"
"26","7",0,1,1094.59322033898,"Valid","Distractor present"
"27","7",1,0,1099.4358974359,"Invalid","No distractor present"
"28","7",1,1,1154.78125,"Invalid","Distractor present"
"29","8",0,0,945.067164179104,"Valid","No distractor present"
"30","8",0,1,950.619402985075,"Valid","Distractor present"
"31","8",1,0,970.5,"Invalid","No distractor present"
"32","8",1,1,998.47619047619,"Invalid","Distractor present"
"33","9",0,0,1272.10743801653,"Valid","No distractor present"
"34","9",0,1,1277.65546218487,"Valid","Distractor present"
"35","9",1,0,1385.71794871795,"Invalid","No distractor present"
"36","9",1,1,1361.51724137931,"Invalid","Distractor present"
"37","10",0,0,1175.06870229008,"Valid","No distractor present"
"38","10",0,1,1194.99212598425,"Valid","Distractor present"
"39","10",1,0,1191.95238095238,"Invalid","No distractor present"
"40","10",1,1,1295.73170731707,"Invalid","Distractor present"
"41","11",0,0,1131.536,"Valid","No distractor present"
"42","11",0,1,1178.46825396825,"Valid","Distractor present"
"43","11",1,0,1237,"Invalid","No distractor present"
"44","11",1,1,1153.09302325581,"Invalid","Distractor present"
"45","12",0,0,1114.184,"Valid","No distractor present"
"46","12",0,1,1088.20512820513,"Valid","Distractor present"
"47","12",1,0,1220.4,"Invalid","No distractor present"
"48","12",1,1,1174.23255813953,"Invalid","Distractor present"
"49","13",0,0,1197.42342342342,"Valid","No distractor present"
"50","13",0,1,1190.58260869565,"Valid","Distractor present"
"51","13",1,0,1270.05,"Invalid","No distractor present"
"52","13",1,1,1312.43243243243,"Invalid","Distractor present"
"53","14",0,0,1269.22222222222,"Valid","No distractor present"
"54","14",0,1,1242.921875,"Valid","Distractor present"
"55","14",1,0,1230.64285714286,"Invalid","No distractor present"
"56","14",1,1,1191.14285714286,"Invalid","Distractor present"
"57","15",0,0,1540.07894736842,"Valid","No distractor present"
"58","15",0,1,1524.96581196581,"Valid","Distractor present"
"59","15",1,0,1585.08333333333,"Invalid","No distractor present"
"60","15",1,1,1588.57575757576,"Invalid","Distractor present"
"61","16",0,0,936.5,"Valid","No distractor present"
"62","16",0,1,972.607692307692,"Valid","Distractor present"
"63","16",1,0,1080.90243902439,"Invalid","No distractor present"
"64","16",1,1,1142.46511627907,"Invalid","Distractor present"
"65","17",0,0,1065.59689922481,"Valid","No distractor present"
"66","17",0,1,1164.74576271186,"Valid","Distractor present"
"67","17",1,0,1166.21951219512,"Invalid","No distractor present"
"68","17",1,1,1174.3,"Invalid","Distractor present"
"69","18",0,0,1154.68421052632,"Valid","No distractor present"
"70","18",0,1,1190.1679389313,"Valid","Distractor present"
"71","18",1,0,1063.41463414634,"Invalid","No distractor present"
"72","18",1,1,1244.04651162791,"Invalid","Distractor present"
"73","19",0,0,1244.99145299145,"Valid","No distractor present"
"74","19",0,1,1209.31896551724,"Valid","Distractor present"
"75","19",1,0,1352.39024390244,"Invalid","No distractor present"
"76","19",1,1,1286.30555555556,"Invalid","Distractor present"
"77","20",0,0,895.324324324324,"Valid","No distractor present"
"78","20",0,1,858.192771084337,"Valid","Distractor present"
"79","20",1,0,956.75,"Invalid","No distractor present"
"80","20",1,1,815.333333333333,"Invalid","Distractor present"
"81","21",0,0,1150.35555555556,"Valid","No distractor present"
"82","21",0,1,1132.15267175573,"Valid","Distractor present"
"83","21",1,0,1228.77272727273,"Invalid","No distractor present"
"84","21",1,1,1170.11904761905,"Invalid","Distractor present"
"85","22",0,0,1216.992,"Valid","No distractor present"
"86","22",0,1,1180.77165354331,"Valid","Distractor present"
"87","22",1,0,1227.48888888889,"Invalid","No distractor present"
"88","22",1,1,1082.48780487805,"Invalid","Distractor present"
"89","23",0,0,1172.97540983607,"Valid","No distractor present"
"90","23",0,1,1187.00877192982,"Valid","Distractor present"
"91","23",1,0,1305.975,"Invalid","No distractor present"
"92","23",1,1,1323.31707317073,"Invalid","Distractor present"
"93","24",0,0,1134.70454545455,"Valid","No distractor present"
"94","24",0,1,1108.82170542636,"Valid","Distractor present"
"95","24",1,0,1118.72727272727,"Invalid","No distractor present"
"96","24",1,1,1146.48837209302,"Invalid","Distractor present"
"97","25",0,0,1112.86614173228,"Valid","No distractor present"
"98","25",0,1,1122.42741935484,"Valid","Distractor present"
"99","25",1,0,1262.37209302326,"Invalid","No distractor present"
"100","25",1,1,1273.92682926829,"Invalid","Distractor present"
"101","26",0,0,1084.47286821705,"Valid","No distractor present"
"102","26",0,1,1117.464,"Valid","Distractor present"
"103","26",1,0,1266.19047619048,"Invalid","No distractor present"
"104","26",1,1,1242.31578947368,"Invalid","Distractor present"
"105","27",0,0,1162.15873015873,"Valid","No distractor present"
"106","27",0,1,1215.65546218487,"Valid","Distractor present"
"107","27",1,0,1211.19444444444,"Invalid","No distractor present"
"108","27",1,1,1256.83783783784,"Invalid","Distractor present"
"109","28",0,0,1105.27966101695,"Valid","No distractor present"
"110","28",0,1,1125.9674796748,"Valid","Distractor present"
"111","28",1,0,1086.97674418605,"Invalid","No distractor present"
"112","28",1,1,1059.05,"Invalid","Distractor present"
"113","30",0,0,1318.96666666667,"Valid","No distractor present"
"114","30",0,1,1296.66666666667,"Valid","Distractor present"
"115","30",1,0,1403.37037037037,"Invalid","No distractor present"
"116","30",1,1,1410.13333333333,"Invalid","Distractor present"
"117","31",0,0,917.097014925373,"Valid","No distractor present"
"118","31",0,1,931.138461538462,"Valid","Distractor present"
"119","31",1,0,965.511627906977,"Invalid","No distractor present"
"120","31",1,1,930.348837209302,"Invalid","Distractor present"
"121","32",0,0,995.626984126984,"Valid","No distractor present"
"122","32",0,1,1057.83333333333,"Valid","Distractor present"
"123","32",1,0,1097.6976744186,"Invalid","No distractor present"
"124","32",1,1,1133.37209302326,"Invalid","Distractor present"
"125","33",0,0,1122.85123966942,"Valid","No distractor present"
"126","33",0,1,1183.14876033058,"Valid","Distractor present"
"127","33",1,0,1157.88095238095,"Invalid","No distractor present"
"128","33",1,1,1212.71428571429,"Invalid","Distractor present"
"129","34",0,0,1048.02985074627,"Valid","No distractor present"
"130","34",0,1,1117.59541984733,"Valid","Distractor present"
"131","34",1,0,1136.46666666667,"Invalid","No distractor present"
"132","34",1,1,1070.32558139535,"Invalid","Distractor present"
"133","35",0,0,1190.42105263158,"Valid","No distractor present"
"134","35",0,1,1217.91472868217,"Valid","Distractor present"
"135","35",1,0,1232.7619047619,"Invalid","No distractor present"
"136","35",1,1,1256.93181818182,"Invalid","Distractor present"
"137","36",0,0,1205.17557251908,"Valid","No distractor present"
"138","36",0,1,1191.11450381679,"Valid","Distractor present"
"139","36",1,0,1148.62790697674,"Invalid","No distractor present"
"140","36",1,1,1224.38636363636,"Invalid","Distractor present"
"141","37",0,0,1253.91056910569,"Valid","No distractor present"
"142","37",0,1,1344.57142857143,"Valid","Distractor present"
"143","37",1,0,1344.9,"Invalid","No distractor present"
"144","37",1,1,1490.2,"Invalid","Distractor present"
"145","38",0,0,1031.57936507937,"Valid","No distractor present"
"146","38",0,1,1029.81395348837,"Valid","Distractor present"
"147","38",1,0,1172.25581395349,"Invalid","No distractor present"
"148","38",1,1,1162.7380952381,"Invalid","Distractor present"
"149","39",0,0,1254.51351351351,"Valid","No distractor present"
"150","39",0,1,1288.74358974359,"Valid","Distractor present"
"151","39",1,0,1526.53846153846,"Invalid","No distractor present"
"152","39",1,1,1392.76923076923,"Invalid","Distractor present"
"153","42",0,0,1127.09230769231,"Valid","No distractor present"
"154","42",0,1,1167.1968503937,"Valid","Distractor present"
"155","42",1,0,1149.04545454545,"Invalid","No distractor present"
"156","42",1,1,1202.97619047619,"Invalid","Distractor present"
"157","43",0,0,1117.02325581395,"Valid","No distractor present"
"158","43",0,1,1056.17741935484,"Valid","Distractor present"
"159","43",1,0,1131.56818181818,"Invalid","No distractor present"
"160","43",1,1,1165.78571428571,"Invalid","Distractor present"
"161","44",0,0,1158.4921875,"Valid","No distractor present"
"162","44",0,1,1141,"Valid","Distractor present"
"163","44",1,0,1180.13953488372,"Invalid","No distractor present"
"164","44",1,1,1091.13953488372,"Invalid","Distractor present"
"165","45",0,0,1036.86466165414,"Valid","No distractor present"
"166","45",0,1,1094.79230769231,"Valid","Distractor present"
"167","45",1,0,1099.60975609756,"Invalid","No distractor present"
"168","45",1,1,1081.83720930233,"Invalid","Distractor present"
"169","48",0,0,1094.06015037594,"Valid","No distractor present"
"170","48",0,1,1108.49612403101,"Valid","Distractor present"
"171","48",1,0,1189.60465116279,"Invalid","No distractor present"
"172","48",1,1,1136.54761904762,"Invalid","Distractor present"
"173","49",0,0,1078.57142857143,"Valid","No distractor present"
"174","49",0,1,1033.38260869565,"Valid","Distractor present"
"175","49",1,0,1148,"Invalid","No distractor present"
"176","49",1,1,1108,"Invalid","Distractor present"
"177","50",0,0,1183.275,"Valid","No distractor present"
"178","50",0,1,1182.54128440367,"Valid","Distractor present"
"179","50",1,0,1173.1,"Invalid","No distractor present"
"180","50",1,1,1120.10810810811,"Invalid","Distractor present"
